title,video_id,comments
Indian Premier League 2020: Fans Eagerly Waiting for IPL Matches 2020 || Public Responce on #IPLT20,gvFss7_wIgk,"['CSK ğŸ”¥ğŸ¤™', 'Rcb â™¥ï¸', 'Rcb', 'E sala cup namde à²—à³à²°à³ Rcb ğŸ† ğŸ‘', 'RCBğŸ”¥ğŸ”¥ğŸ”¥ğŸ”¥ğŸ”¥ğŸ”¥ğŸ”¥', 'JAI RCB â¤ï¸â¤ï¸â¤ï¸', 'KING KOHLI ğŸ”¥ğŸ’ªğŸ’ªâ¤ï¸â¤ï¸', 'King KOHLI ğŸ”¥âœŠğŸ‘‘ğŸ‘‘âœŠ', 'RCB â¤ï¸', 'RCB â¤ï¸', 'RCB â¤ï¸', 'RCB FAN FOREVER â£ï¸â£ï¸â£ï¸â¤ï¸ HATERS...ğŸ‘ŠğŸ‘ŠğŸ‘ŠğŸ‘Š', 'RcbâœŒğŸ˜', 'Rcb', 'Kxip', 'RCBâ¤', 'CskğŸ’“ğŸ’•', 'RCBğŸ”¥ fanz', '2018 lo rcb ofipoyindhantağŸ¤£ğŸ¤£', 'Csk', 'Nh neewws no 1', 'Rcb fans ikk', 'MI ğŸ˜€', 'Jai srh jai srh champions of the year', 'Waiting for srh', 'RcbğŸ¥°ğŸ¥°ğŸ¥°', 'Csk', 'RCB ğŸ’', 'waiting for kohli showğŸ˜âœŠğŸ¯', 'RCB Won', 'Bro not in 2018 .it is in 2016.any wheres  I always love rcb .this time only rcb shows & tittle winner', 'Rcb power', 'Thamudu 2016 lo nanna', 'Csk.â¤ï¸', 'Who are waiting for RCBğŸ”¥ ğŸ†ğŸ†', 'Akka pkl 8 auction appuduu avuthadi plzzz chappavaaaaa', 'Mohammad siraj', 'IPL king panth', '2018 la kadu ra nayana 16 la koncham rcb gurinchi Baga cheppu ra but Jai king kohli', 'Rcb', 'SRH fans like']"
IPL 2020 || Cricket Fans wishes for IPL Teams || Public opinion on IPL 2020 || Kreeda Prapancham,xdT7PoqrzD0,"['Jai RCB', 'Mi', 'Delhi team', 'See RCB will won the Cup ğŸ’¯ğŸ’¯ğŸ’¯ %%%\nTRUE Esala cup namde ğŸ†ğŸ†ğŸ†ğŸ†ğŸ†ğŸ†ğŸ†ğŸ†ğŸ†ğŸ†ğŸ†ğŸ†ğŸ†ğŸ†ğŸ†ğŸ†ğŸ†ğŸ†ğŸ† ğŸ†ğŸ†ğŸ†ğŸ†ğŸ†ğŸ†ğŸ†ğŸ†ğŸ†ğŸ†ğŸ†ğŸ†ğŸ†ğŸ†ğŸ†ğŸ†ğŸ†ğŸ†ğŸ†ğŸ†ğŸ†ğŸ†ğŸ†ğŸ†ğŸ†ğŸ† RCB fans', 'Hit manğŸ˜MiğŸ’™', 'MUMBAI INDIANS.CUP WIN', 'Jai.  RcB', 'Rcb', 'Rcb', 'Csk', 'Jai csk', 'Rey rohith Ne opening ne lead chesindi dhoni Sachin kadhu Sachin great player kani rohith ki chance Ichindi dhoni', 'Manna  Telugu vallu manna Hyderabad  ku support cheyali,,\nI will all ways supported SRH', 'RCB', 'Delhi capitals 2020 CHAMPIONS', 'Jai srh ğŸ‘ğŸ‘ğŸ‘cup mande', 'Csk', '70% comments RCB.  Love RCBğŸ’œ', 'RCB ğŸ’™ğŸ’™', 'Online betting ID WhatsApp 9390745574', 'Hitman ğŸ”¥', 'Mumbai ğŸ’™', 'Jai Rohit Mi dhe cup esaari', 'RCB ğŸ™ğŸ™ğŸ™ğŸ™ğŸ™â¤ï¸â¤ï¸â¤ï¸â¤ï¸â¤ï¸â¤ï¸ğŸ”¥â¤ï¸â¤ï¸â¤ï¸â¤ï¸ğŸ”¥ RCB vs,,,,,,,,,,,,,,,, â¤ï¸ğŸ™â¤ï¸â¤ï¸â¤ï¸â¤ï¸ RCB', 'RCB â¤ï¸ KING KOHLI ğŸ”¥', 'JAI RCB â¤ï¸', 'RCB â¤ï¸', 'RCB FAN FOREVER â£ï¸â£ï¸â£ï¸', 'DC will the final cup', 'Csk ğŸ˜ğŸ’¥ğŸ¤™', ""100 year's à°µà°šà±à°šà±à°¨à°¾ Rcb à°•à°ªà±à°ªà± à°°à°¾à°¦à±"", 'Rohith sharma opening  Bating cheyadaniki karanam MS DHONI  sachin kadhu ra', 'Rcb', 'Rcb', 'MUMBAI INDIANS BRAND HE BRAND. HITMAN ROHITH SHARMA', ""Chennai super King's win"", 'RCB CSK', 'Csk jai dhoni', 'RCB', 'Rcb pakka', 'King kholi', 'Chennai super kings â¤ï¸â¤ï¸â¤ï¸', 'Rcbâ¤ğŸ¤™', 'Rohith  win ipl2020', 'RCB', 'Mumbai Indians win final Rohit Sharma great player', 'Rcb or srh', 'CskğŸ', 'Rcbbbbbbbbbbbbbbiannnnnnnnnn', 'RcbğŸ¥°ğŸ¥°ğŸ¥°', 'Radu rcd radu cup go to srh', '2nd person in Buttler Eng', 'Support : Epudu vallak.     Ala unnavu.  Tv chustunaa.       Orange amny.    Hyderabad.     Plpyers.     .100%              all the best.   SRH.  Orange amny.', 'RCB', 'Cheching master virat kohli vundaga evariki cop ğŸ’¯ğŸ’¥ radhu jai RCB ğŸ”¥ğŸ™ğŸ™', 'East or west CSK is best ğŸ’ªğŸ’ªğŸ’ªğŸ‘', 'Rr cup', 'Csk', 'Jai  RCB', 'MSD jaddu waston', 'Csk ğŸ”¥ MSD ğŸ”¥', 'Loose r win king of IPL RCBğŸ¤˜ğŸ¤˜', 'RCB yaar', 'Ee sari pakka rcb kottali', 'Jai rcb', 'Vinu ka Virat ka bapu', 'The legendary Man Rohit Bro \nLove you Bro ğŸ’—â¤ï¸ğŸ˜˜\nNo Doubt Malli cup Mumbai de  \nJai ROHIT Bro âœŒï¸âœŒï¸âœŒï¸', 'RCB', 'This time RCB', 'ALWAYS CSKğŸ’–ğŸ’–', 'SrhğŸ˜', 'Mi', 'RCBğŸ’ªğŸ’ªğŸ’ª', 'Srh', 'Bhongu lo RCB,bhongu lo mumbai.\n\n\nCSK mundhu evadaina vangaalsindhe.....', 'Mi', 'CSK', 'King of all IPL RCB ğŸ˜˜ğŸ˜˜ğŸ˜˜', 'Only one RCB ğŸ¯ğŸ¯ğŸ¯', 'Jai rcb', 'Jaiiiiiiiiii rcb âœŠâœŠâœŠâœŠâœŠâœŠâœŠâœŠâœŠâœŠğŸ”¥ğŸ”¥ğŸ”¥ğŸ”¥ğŸ”¥â™¥ï¸â™¥ï¸â™¥ï¸â™¥ï¸â™¥ï¸â™¥ï¸â™¥ï¸â™¥ï¸â™¥ï¸â™¥ï¸', 'RcBğŸ¦', 'CSKâ™¥ï¸â™¥ï¸ğŸ”¥', 'Srh ğŸ”¥ ğŸ”¥ ğŸ”¥ ğŸ”¥ ğŸ”¥', 'RCB ğŸ’ªğŸ¼', 'RCB', 'Jai csk', 'KKRğŸ’œğŸ’œğŸ’œğŸ’œğŸ’œ', 'SRH', 'Rcb', 'Srh', 'RCBâ¤ï¸â¤ï¸â¤ï¸', 'Rcb king only', 'Csk', 'Jai srh ğŸ¤ğŸ¤ğŸ¤ğŸ¤œ', 'pakka rcb 360Â°', 'ğŸ’ªğŸ§¡Always srh orange army ğŸ§¡ğŸ’ª', 'RcbğŸ˜ƒğŸ˜ƒğŸ˜ƒ', 'E sala cup namdhe Jai RCBğŸ”¥ğŸ”¥ğŸ”¥', 'Jai rcb', 'Jai rcb', 'Jai rcb', 'Jai rcb', 'Jai rcb', 'Jai KKR', 'Kl Rahul ğŸ’ªğŸ’ª kxip', ""Jai MS Dhoni's"", 'JAI KINGKOHLIâ¤ JAI RCBğŸ’ª', 'ROYAL CHALENGERS BENGALORE....ğŸ†....2020', 'O:26 telugu lo aina matladu english ayyina matladu telugu English motham madatheduthunadu chala kastapaduthunaduğŸ˜‚ğŸ˜‚', 'RCB', 'Mi', 'Miâ™¥ï¸', 'Panjab', 'king KohliğŸ”¥ğŸ”¥', 'à°‡à°¨à± à°¬à±ˆ kkr', 'SRH WON THE CUP.......ğŸ”¥ğŸ’œğŸ”¥', 'RCB ğŸ”¥ğŸ”¥ğŸ”¥', 'Mii', 'Csk will win the ipl title 2020', 'Rcb 2020 winner', 'Jai RCB', 'Ee sala cup namde... RCB', 'Jai  SRH', 'Mumbai indians. 5th.. cup win', 'RCB  RCB', 'Srh     srh', 'Csk', 'Chennai Super Kings', 'Ms dhoni king legend   of cricket  IPL  ğŸ”¥ğŸ”¥ğŸ”¥ğŸ”¥â¤â¤â¤â¤â¤', 'Rcb', 'à°°à±‡à°¯à± à°®à±à°‚à°¦à± à°®à°¨ à°Ÿà±ˆà°‚ à°•à°¿ à°¸à°ªà±‹à°°à±à°Ÿà± à°šà±‡à°¯à°‚à°¡à°¿ à°°à°¾ à°¤à°°à±à°µà°¾à°¤ à°®à±€ à°«à±‡à°µà°°à±†à°Ÿà± à°ªà±à°²à±‡à°¯à°°à± à°•à°¿ à°¸à°ªà±‹à°°à±à°Ÿà± à°šà±‡à°¯à°‚à°¡à°¿ à°®à±€ à°µà°²à±à°²à±‡ à°¦à±‡à°¶à°‚ à°¨à°¾à°¶à°¨à°‚ à°…à°¯à°¿à°ªà±‹à°¤à±à°‚à°¦à°¿ à°®à±€à°°à± à°®à°¾à°°à°°à°¾\nà°¨à°¾ à°¬à±†à°¸à±à°Ÿà± à°µà°¿à°·à±†à°¸à± à°®à°¨ SRH à°Ÿà±€à°‚ à°•à°¿ â¤ï¸', 'Only win in RCBğŸ”¥ğŸ”¥ğŸ”¥ğŸ”¥ğŸ”¥ğŸ”¥', 'vadevado kkr fan anta ,team lo yevarunnarukuda telidu vadiki', ""Mumbai Indians \nRohit Sharma jiiiii\nJai Mumbai\nJai Rohit Sharma\nFans like here's ğŸ‘‡"", 'Rcb', 'Mi definitely lift the 5th title', 'Mi 5th cup manadhe', 'My vote for dcğŸ‘ ,my favorite player risabpant win cheser ,pant on most runs this seasonğŸ‘ˆ, any batting and bowling strong, so this ipl trofe dc all the best my teamğŸ’', 'rcb', 'Jai RCB Ab and vt', 'RCB', 'Csk', 'MiğŸ”¥', 'SRH win', 'Ipl fans like cheyandi', 'Csk fans like here', 'Chennai super kings my vote for csk', 'CSKâ¤ï¸â¤ï¸â¤ï¸â¤ï¸ \nDhoni ekkkadaâ¤ï¸â¤ï¸', 'SRH', 'Srh fans like here', 'CSK', 'Cskkk', 'à°¹à±†à°²à°¿à°•à°¾à°ªà±à°Ÿà°°à± à°·à°¾à°°à±à°Ÿà± à°•à°¿ à°…à°‚à°¦à°°à±‚ à°²à±ˆà°•à± à°šà±‡à°¯à°‚à°¡à°¿ à°§à±‹à°¨à°¿à°•à°¿', 'JaicskğŸ™‚', 'Csk da love u dhoni', 'Rcbbbbb', 'Rcb', 'SRHğŸ’“ğŸ’“ğŸ’“ğŸ’“ğŸ’“ğŸ’“ğŸ’“â¤â¤â¤ğŸ’–', 'Csk', 'Csk winner', 'RCB', 'Csk', 'RCB WIN THA CUP', 'SrH', 'Rcbâ¤ï¸', 'Hahahaha ğŸ¤£ğŸ¤£  all ways csk #MSD', 'SRH', 'RCB â¤ï¸â¤ï¸â¤ï¸ğŸ†', 'Sun Risers Hyderabad will win IPL 2020 Trophy', 'SrhğŸ”¥ğŸ”¥', 'JAI CSK', 'RCBğŸ”¥', 'CSK', 'csk', 'Jai RCB ğŸ”¥ğŸ”¥ğŸ”¥ğŸ”¥âœŠâœŠâœŠ', 'RCB', 'SRH winnerğŸ†ğŸ‰ğŸ† 2020 pakka', 'Superb VideoğŸ‘', '5times winner miii', 'I love rohit sharma', 'Csk will win', 'RCB', 'Miiii']"
IPL at UAE 2020 || Indian Premier League || Public Talk on IPL Season 13 || Dream11 IPL || NH9 News,L7uptZZehyI,"['Abd', 'Jai rcb', 'Abd', 'Jai rcb', 'ğŸ˜˜CSKğŸ˜MSDğŸ˜', 'Rcb ğŸ¤™â£ï¸', 'Rcb ğŸ”¥ğŸ”¥', 'Srh', 'RCB WON THE CUP', 'Rcb Telugu fans like here ğŸ‘ ğŸ‘ğŸ‘ğŸ‘ğŸ‘ğŸ¤©ğŸ¤©ğŸ¤©', 'Csk', 'ğŸ’ğŸ˜‚à°…à°®à±à°®à°¤à±‹à°¡à±: à°…à°¡à±à°¡à°‚à°—à°¾ à°•à°¿à°‚à°¦à°ªà°¡à°¿ğŸ‘‡ à°¦à±Šà°°à±à°²à±à°•à±à°‚à°Ÿà±‚ à°¨à°µà±à°µà± à°¤à°¾à°°à±.ğŸ˜‚ğŸ˜‚ğŸ˜‚Â®1000%à°—à±à°¯à°¾à°°à°‚à°Ÿà±€ğŸ‘ŒğŸ‘‡ğŸ‘‡ğŸ‘‡\nğŸ’Bless us like share&CommentğŸ™\nhttps://youtu.be/NNBnKO-0lek', 'Mumbai', 'SRH', 'Only CSK will win 2020 IPL Cup', 'Ee saala cup namadey\nJai rcbâ¤ï¸â¤ï¸\nJai Virat and Abdâ¤ï¸â¤ï¸ğŸ‰ğŸ‰\nIf is it win or loss \nAlways Virat fan', 'Best fan base in india RCB', 'Nijam cheppav uncle Warner is 1000 better then dhoni', 'hyd is tittle winner', 'Rcb eee Sala cup namde because IAM coming 3&4 years coming in India team', 'Dewed warner and ms doni i like', 'Enni gelustai ra MI', 'Csk', ""RCB  win or loss doesn't matter we support ğŸ’ªğŸ’ª RCB â¤"", 'https://youtu.be/FlIjltl9Q9I IPL Theme Status', 'Jai CSK jai jai CSK', 'CSK WILL WIN THIS IPL 2020.... WHISTLE PODU ğŸ¥³ğŸ¥³', 'RCB', 'Last year cop mi', 'CSK', 'Le dhoni die fan kuda vunaru', 'Csk', 'Note this point Delhi Is the best team right now Delhi is win', 'Mumbai Indians ğŸ‰ğŸ”¥', 'Srh will won.cup.', 'SRH jai', 'Hardik Pandya ğŸ”¥ğŸ”¥', 'Mi', 'Jai RCB â¤ï¸ğŸ’ªğŸ’ªğŸ’ªğŸ’ª', 'CSK ğŸ¯ğŸ¯ğŸ¯', 'Rcb', 'Csk', 'Mana mumbai indians team ki okka like vesikondiii.....4 titles.......2013,15,17,19.... Rohit Sharma captain unndaga  ami problem unndadhu ... mumbai ki....', 'CSK', 'Rcb is cup is ours', 'E age person matlduthunadu ipl aaa magakaaa', 'RCB â¤ï¸â¤ï¸', ""Csk msd fan's ikkada thala"", '3:15 old is gold', 'Cskkkk', 'SRH...ğŸ¦…ğŸ§¡ğŸ’ªğŸ‡®ğŸ‡³', 'only csk', 'SRH', 'srh fan hit a like', 'only belong 2 srh cup', 'SRH ğŸ§¡', 'Okavela RCB gelisthe 2020 lo inko darunamğŸ˜†', 'I love warner', 'Rcb', 'Rcb fans ekada', 'RCBğŸ˜ğŸ˜ğŸ’¥ğŸ’¥ğŸ’¥', 'Rcb à¤¹à¥‡ à¤œà¥€à¤¤à¥‡à¤—à¤¾ à¤†à¤ˆà¤ªà¥€à¤à¤² 2020 à¤•à¤¾ à¤Ÿà¥‚à¤°à¥à¤¨à¤¾à¤®à¥‡à¤‚à¤Ÿ à¤•à¥à¤¯à¥‹à¤‚à¤•à¤¿ à¤¯à¤¹ à¤°à¥‰à¤¯à¤² à¤šà¥ˆà¤²à¥‡à¤‚à¤œà¤° à¤¬à¥‡à¤‚à¤—à¤²à¥à¤°à¥ à¤¹à¥ˆ', 'Mumbai', 'DIL SE KKR AMI KKR', 'SRH', 'Chinnapillodu super', 'Mi', 'Jai CSK jai MSD', 'RCB fans', 'Mumbai IndiansğŸ‘ğŸ‘ğŸ‘ğŸ‘', 'Csk', 'Delhi punjab rcb srh team ki cup ravali', 'RCB', '2:15 Rohit Sharma ğŸ’ªğŸ’ªğŸ’ªğŸ’ª', 'Jai RCBğŸ˜˜', 'Mumbai Indians cup Anna', 'M S D foreverğŸ’›ğŸ”¥ğŸ”¥ğŸ”¥', 'Jai rcb', 'Jai CSK', 'Chennai supar king bhone', 'RCB', 'Jai csk', 'Mumbai IndiansğŸ‘ğŸ‘ğŸ‘', 'Mi', 'Mi', 'Srh king of ipl ğŸ”¥ğŸ”¥ğŸ”¥', 'HYD', 'Super RCB', 'Ye he india ka thyohaarğŸºğŸºMumbai IndiansğŸ‡®ğŸ‡³', 'Rcb fix', 'Virat kholi fans like comets', 'Rcb fans like', 'Rcb cup', 'Rcb jai', 'Rcb ğŸ”¥', 'RCB ğŸ‘ŒğŸ‘Œ ğŸ‘Œ king', 'Virat lovers love u', 'Mi won the cup', 'Only home team best of luck Warner and Williamson', 'Jai RR', 'China Nuvu keka esala cup namdey', 'JAI RCB ğŸ”¥ğŸ”¥ğŸ”¥ğŸ”¥ğŸ”¥', 'CSK ğŸ”¥', 'RCBğŸ¥°ğŸ¥°ğŸ¥°ğŸ¥°ğŸ¥°ğŸ¥°', 'Mi wins', 'Jai Rohit ji  Jai Mumbai Indians I love you cup Mumbai', 'Jai cskğŸ˜ğŸ˜', 'Mumbai Indians win the cup this year', 'Only rcb ...ya ee sari', 'Hyderabad ka cup ... this year on. Fire', 'E sala cup namde', 'RCB Fan""s like please', 'Only Hyderabad', 'Jai msd jai csk', 'Srh ki jai', 'Ipl king of AB de Villiers', 'à°¸à±à°°à±‡à°·à± à°°à±ˆà°¨à°¾ à°…à°­à°¿à°®à°¾à°¨à±à°²à± à°à°‚à°¤à°®à°‚à°¦à°¿ à°‰à°¨à±à°¨à°¾à°°à±......â™¥ï¸â™¥ï¸â™¥ï¸â™¥ï¸â™¥ï¸', 'Jai ROHIT Bro e sari Malli pakka Mumbai de cup gidi final mava lu', 'Rcb', ""msd lover's ğŸ˜ğŸ˜ğŸ˜ğŸ˜"", '1:49 I think tea cup', 'R cb King Kohli', 'R c b', 'Csk win the title', 'Thatha devid  chinna bachha dhoni kindha no 1 Captain', 'Mi.... Rohit.... ğŸ’›ğŸ’›ğŸ’›ğŸ’›ğŸ’›ğŸ’™ğŸ’™ğŸ’™ğŸ’šğŸ’š', 'Jai rcbâ¤ï¸â¤ï¸â¤ï¸â¤ï¸', 'Atu itu vupu mumbai indians thopu ğŸ˜ğŸ˜ğŸ˜ğŸ˜ğŸ˜', 'Jai srh', 'SRH WIN THIS YEAR', 'I support RCB ğŸ”¥ğŸ”¥ğŸ”¥ this time', 'Mi fans ğŸ’ªâ¤ï¸', 'Kohli fans', 'Rcb', 'CSK.....ğŸ¤œğŸ¤›', 'Dc', 'Rcb', 'Jai SRH super uncleğŸ”¥ğŸ”¥ğŸ”¥ğŸ”¥ğŸğŸğŸğŸğŸğŸğŸğŸğŸğŸâ¤â¤â¤ğŸ‘ğŸ‘', 'Full bet Vesta jai cskkkk fans like here', 'Abd', 'RCB.. Forever.', 'Kk King Kohli', 'Rcb ğŸ', 'Csk the boss', 'Yes sunrise cup', 'Mister @BD', 'Mumbai indians', 'Jai csk', 'Jai rcb eesaala cup namde play bold', 'Jai Rcb Jai kohli Anna', 'Jai SRH', 'Fan Of Thala.... Jai CSK', 'à°•à°šà±à°šà°¿à°¤à°‚à°—à°¾ à°à°ªà°¿à°†à°²à± SRH....à°—à±†à°²à±à°¸à±à°¤à±à°‚à°¦à°¿.....', 'This time cuo goes to Punjab Or delhi.evi rendu teams appudu players nii manchigaaney teesukubtadhi.but team coordination valla appudu oodipootai ee 2teams', 'ABD, virat,  finch, Fletcher.. Die hard fan RCB.. Jai  Rcb', 'Csk', 'RCB..', '*SRHğŸ‘…ğŸ’¥ğŸ¦…ğŸ‘ŠğŸ’ª2020', 'Pakka srh', 'ğŸ˜­ğŸ˜­ğŸ˜­ğŸ˜­ğŸ˜­ rcb cup', 'Csk', 'Mi', 'Delhi capitals win kadhante bet katandi', 'Jaicsk', 'MSD IS the best capitan in the world csk first match winners and ipl cup winners CSK', 'Jai RCB', 'Dhoni dhoni ani cheppinchatam entra me mokalu manda', 'Jai ro hit man Sharma.....â¤â¤â¤... \nMumbai Indians...â¤â¤â¤ ... Mi..', 'Dhoni .csk .', 'Jai RCB', 'Csk', 'King KOHLI', 'rcb ki fans ekkuva', 'Miii', 'King is number', ""Csk that's name of msd"", 'MsdğŸ‘‘', 'à°œà±ˆ RCBğŸ’•ğŸ’•ğŸ’•ğŸ’•ğŸ’•ğŸ’•', 'Mi', 'CSK king', 'CSK ğŸ’ªğŸ˜â¤ï¸ IPL', 'Ms Dhoni captain cool', 'Jai CSK', 'SRH is love', 'CSK', 'CSK will won IPL title', 'CSK tiger ğŸ¯ğŸ’›', 'WARNAR', 'Msd csk', 'C s kğŸ¤˜ğŸ¤˜ğŸ’ªğŸ’ªğŸ’ª', 'Rcb', 'Rcb', 'Rcb', 'Rcb', 'Rcb', 'Rcb', 'CSKâœŠâœŠâœŠ', 'SRH', 'RCB', 'RCB', 'Virat AB', 'Jai rcbğŸ˜ğŸ˜ğŸ’¯', 'Srh ğŸ’ªğŸ’ª', 'Srh', 'Jai SRH.......', 'Hyderabad ki nuv velli aadu ra kojja dhoni kanna Warner aadataadanta bochuga', 'Rcb winners', 'Rcb', 'Mi', 'Rcb won anta same ide mata 12 years nundi chepthunnaruğŸ˜€ğŸ˜€ğŸ˜€ğŸ˜…ğŸ˜….......jai CSK and MI are top teams', 'Esari Malli mi cup koduthudi chudadi Babu.....I love', 'Csk', 'Mi win the cup pakka', 'Iam waiting', 'Csk ante intha craze entra babu', 'Srh', 'Csk', 'Final Rcb vs Rcb', 'Rcb win', 'Jai SRH ğŸ’¯ğŸ’¯ğŸ¥°', 'RCB', 'RCB', 'RCB 2020', 'RCB', 'Virat', 'King\u200b kholli', 'King\u200bof world cricket virat kohlii boss', 'Jai RCB RCB RCB RCB RCB RCB', 'RCB', 'Csk Win 2020 Ipl', 'Rohit', 'Mumbai', 'Mi', 'Funny guy', 'This year ipl cup going to kxip', 'Mi', 'SRH', 'Nv video ala chepinchina ekada cmnts chepinchakunda vunde fanzzz ra memu JAI RCB', 'Edhi thamudu jara me dhoni ICC EVENTS lo me vadi stats chpu ğŸ˜‚ğŸ˜‚ğŸ˜‚ğŸ˜‚ğŸ˜‚', 'Jai rcb', 'Jai rcb', 'ğŸ’¯SRH winner ğŸ†ğŸ†', 'CSK', 'CSK win the IPL  (mr. Cool is back ) thala team all the bestğŸ¤', 'Srh', 'Sth hyderabad', 'best off luck mahiii i wii be back mahii', 'Csk', 'Rcb 2020 IPL winner', 'CSK kings', 'Csk team fire in dubai cup kuda dhonidhe', 'Ã‡ÃŸk', 'Cinna pilladu keeka..Jai RCB', 'pakka cup RCB âœŒï¸ğŸ˜', 'Sharma ji mumbai ka captain hoo', 'All the best to csk', 'Mumbai Indians win final', 'Mumbai Indians win final Rohit Sharma great player', 'Only SRH and RCB. No chance inka', 'Rcb', 'Warner SRH â™¥ï¸ğŸ˜˜ğŸ˜˜ğŸ’ª', 'Rcb rock this time', 'RCB â¤ï¸ Virat Kohli ğŸ”¥ğŸ˜˜', 'King kohli', 'Mi fans like', 'ğŸ‘', 'Esala cup manade', '2 person super gaa chappadu', 'â¤ï¸â¤ï¸â¤ï¸â¤ï¸ğŸ’ªRCB ğŸ’ªâ¤ï¸â¤ï¸â¤ï¸â¤ï¸', 'Superb ğŸ‘', 'Srh vypu Olympics ledu tatha', 'RCB', 'Csk', 'Csk', 'Csk', 'Csk', 'Csk', 'Csk', 'Csk', 'Csk', 'Csk', 'CSK', 'Mi will win', 'Csk on fire in Dubai ,come back with cup', 'MiiğŸ’™â˜ â˜ ğŸ‘¿', 'Miii', 'SRH fans', 'Kohli', 'Csk king of IPL ğŸ”¥ğŸ¤™ğŸ¤‘', 'Rcb', 'Rcb', 'Rcb', 'Mumbai Indians csk ka waste team', 'C s k king of IPL', 'Csk is the winner of ipl 2020\nWith the comeback of raina', 'Mumbai Indians fans like here', 'Srh Win', '10th comment', 'Rcb fans hit a like', 'RCB VK ğŸ’ ğŸ”¥ RCB', 'Jai rcb', 'Only SRH will win best bowling bating', 'Kohli rcb fan 2020 ipl cup rcb, ğŸ’¯ğŸ’¯ğŸ’¯']"
IPl 2020 Public Talk || Cricket Fans wishes for IPL Teams || Public opinion on IPL 2020,jiyxha-vH9c,"['Only RCB', 'Rcbbb', 'RCB', 'Madyala okadu vachindu bro musali lanjodku vadiki cheppu vanikki m telusu individual game anadu boxing anadu malli eye pogotukuntadu anadu vainki m telusu muslodu vadu Jai rcb', 'Rcb', 'MI', 'Rcb', 'à°®à±€ comred gallu sulli gaalllu à°¤à°¾ à°¤à°¾', 'Arey musloda nekidhukura cricket musuko', 'Dhoni', 'Csk', 'RCB', 'RCB â¤ï¸ FAN FOREVER â£ï¸â£ï¸â£ï¸', 'RCB â¤ï¸', 'E sari cup RCB pakka ğŸ’¯ king of ipl King kohli', 'RCB ğŸ¥°kohli', 'Jai RCB', 'Rcb', 'All the best CSK â£ï¸ğŸ’¯Dhoni â£ï¸', 'Rcb', 'Musaloodu', 'King\u200bof world cricket virat kohlii boss', 'Virat', 'King\u200bkholli', 'RCB', 'Povayya poop', 'Rcb is best in the world', 'Jai RCB', 'CskğŸğŸğŸğŸğŸğŸğŸğŸğŸğŸğŸğŸğŸğŸ Dana  Dan Dhoni', 'Thatayya Nik cricket value telidhu', 'I love rcb', 'Rcb rock', ""I'm big fun mi"", 'RcbğŸ”¥', 'RcbğŸ¥°ğŸ¥°ğŸ¥°', 'Pora golilu aaduko musaloda', 'Hardik is best mi is great', 'Cricket is a emotion musalayana', '2 nd mosalayana baga over action chesthunadu', 'E sala cup namde RCB', 'Csk winter ms dhoni sir super nice good', 'Orange Army    ğŸ†ğŸ†ğŸ†ğŸ†', 'E lanjoduku ni dhorakavatti dengurrii', 'RCB KXIP', 'RCB â¤ï¸â¤ï¸ love Virat Kohli', 'East or west CSK is best ğŸ‘ğŸ’ªğŸ’ªğŸ’ª\nWho are CSK fans and DHONI fans like here', 'KXIP KL Rahul', 'KL Rahul', 'Srh', 'Csk will win 2020', 'Rcb', 'Aa tattaki burra pagglikottandi raaa', 'Vinnu ka bapu virat', 'Jai srh champions of the year', 'Jai srh champions of the year', 'Jai csk', 'Musaloda', 'I am big fan of you csk MSD jaddu waston', 'KKR is the Winning  the season of 2020', 'Csk will win the ipl trophy csk fans like here', 'Jai rcb', 'Rcb vinnu kavalani manspurthi ga korukuntana', 'Only rcb', 'All the best CSK MSD is the all the best CSK should win CSk.MSD big die hard fan', 'Jai RCB', 'RCB fance be like here', 'Love u thatha', 'Jai RCB', 'Csk Win 2020 Ipl', 'RCB', 'RCB vk abd', 'Iam big fin RCB ABD', 'David Warner', 'One && only Msd', 'Jai csk', 'RCB FANS LIKE HERE', 'RCB', 'RCB', 'Thatha cricket Valla chala mandhi jeevithalu nilabadayi']"
IPL Match: Indian Premier League Season 13 || IPL 2020 | IPL Public Reaction | IPL updates 2020,3kwfmSsilNE,"['Jai mi jai harthik pandy', 'Csk ğŸ’ªğŸ’ªğŸ’ª', 'All the best rcb', '2:30 he is talking like uppalbaluğŸ˜‚ğŸ˜‚', 'RCB âš¡âš¡âš¡', 'RCB âœŒ', 'RCB FAN FOREVER â£ï¸â¤ï¸', 'Dia hard fan of rcb', 'Mi', 'Mumbai Indians', 'Jai rcb', 'Csk..............\nğŸ‘‡ğŸ‘ğŸ‘ğŸ‘', 'Thise Time rcb is hungry this sala cup numde Jai rcb', 'MSD', 'Jai RCB', 'Rcb is my heartğŸ–¤', 'RcbğŸ¥°ğŸ¥°ğŸ¥°', 'All the best RCB winners cup', 'Sunrises Hyderabad 2020 all the best bhuvi', 'All the best srh', 'All the best David Warner Kane Williamson', 'All the best.   Srh team. Plpyers.', 'Only SRH \nDevid Warner', 'Jai rcb', 'E Sala cup namde', 'Nenu kuda chpttaaa', 'Nanu interview chyndii', 'RCB fans like here', 'RCB', 'RCB', 'Rcb rcb this session winnerğŸ†ğŸ‰ğŸ† RCB', 'All the best for csk', ""Rcb IPL 2020 winner's"", 'All the best to csk players my best wishes to csk', 'Csk', 'All the best David Warner', 'RCB', 'I am fan of rcb']"
IPL 2020 Public Talk || RCB fans Best Wishes for Virat Kohli & Mohammed siraj || NH9 News,-_qxe6rlmnI,"['Csk', ""Comments lo andharu telugu valley...\nKanisam oka padi mandi kuda mana SRH telugu team ki support ledu..\nAnnallu..okati gurthunchukondi..\nPrathi ipl team Ki valla home city nunchi fans unnaru..\nKani Manakunna SRH telugu team home vallu kuda mana team ki support  cheyaru...\nPrathi okkaru CSK,RCB,MI..\nParledu ley..indian stars aa team lo unnaru..support chestaru..,kani SRH Telugu team ki matram..eppuddu banda bhoothuley..ğŸ¤•ğŸ¤•..,\nMana team entha goppano telusa annalu..\n1) 2013 - 2020 \n2) 2013 playoff's ( debut playoff'sğŸ˜‡)\n3)2014 6th place \n4)2015 6th place\n5)first time winner's..IPL trophy 2016..ğŸ§¡\n6) 2017 4rth place..\n7) 2018 final SRH vs CSK..,runner up,,ğŸ˜­\n8)2019 3rd place..\n9)2020 3rd place..\nOverall...8 leagues..6_ playoff's ğŸ§¡..1 time winner ğŸ§¡ğŸ˜‡..1 time runner up..ğŸ˜­..\n4 orange caps..2 purple caps..\n57.88 % win percentage..\nThis is SRH Telugu team..\nSRH ki support cheyakunna parledu..\nMana telugu team entha goppa no chudandi..,ğŸ˜‡..\nEvarinnana hurt chestey sorry..sirs and madamsğŸ˜ğŸ˜"", 'RCB Fans in Hyderabad â¤ï¸â¤ï¸â¤ï¸â¤ï¸', 'Siraj miaâ¤ï¸â¤ï¸', 'ğŸ”¥RCB fr evr â¤ï¸ğŸ”¥ FNS', 'RCB', 'Puri Mumbai ki duva hai Siraj ko', 'Siraj no 1', 'RCB', 'RCB RCB RCB', 'R c b and abd', 'KING KOHLI ğŸ”¥ğŸ’ªâ¤ï¸', 'RCB â¤ï¸ FAN FOREVER â£ï¸â£ï¸â£ï¸â£ï¸', 'JAI RCB â¤ï¸', 'RCB', 'SRH...ğŸ¤©ğŸ¤©ğŸ¤©', 'Always RCB', 'Jai RCB love you vk', 'RCB', 'Rcb public talk medam vedio petaru ante aa  craze chudandhiâ¤', 'Fans die hard fan s of #RCB', 'ABD FAN IKKADA', 'RCB', 'Delhi fans ekada', 'Rcb fans', 'Jai RCB', 'Mi', 'Rcb', 'RcbğŸ˜', 'Srh fans akkada oka like vesukondi', 'Srh srh', 'Srh srh srh srh srh srh srh srh srh srh srh srh srh srh ğŸ˜ğŸ˜ğŸ˜ğŸ˜ğŸ˜ğŸ˜ srh srh srh srh srh ğŸ˜ğŸ˜ğŸ˜ğŸ˜ğŸ˜ğŸ˜ğŸ˜ğŸ˜ğŸ˜ğŸ˜ğŸ˜ğŸ˜ğŸ˜ğŸ˜ğŸ˜ğŸ˜ğŸ˜ğŸ˜ srh srh srh srh  srh srh srh ğŸ˜ğŸ˜ğŸ˜ğŸ¤ğŸ¤ğŸ¤ğŸ¤ğŸ¤ğŸ¤ğŸ¤ğŸ¤ğŸ¤ğŸ˜ğŸ˜ğŸ˜ğŸ˜ğŸ˜ğŸ¤ğŸ¤ğŸ¤ğŸ˜ srh srh srh   srh srh srh srh srh srh srh srh ğŸ¤ğŸ¤ğŸ¤ğŸ¤ğŸ¤', 'Rcb 2020 IPL cup ğŸ”¥ğŸ”¥ğŸ”¥', 'All the best RCB', 'First Telugu matladura Nayana.', 'RCB ğŸ”¥', 'Rcb kingkohli â¤ï¸', 'Chennai super ğŸ’ğŸ’ğŸ’âœŠâœŠâœŠâœŠâœŠâœŠğŸ‘ğŸ‘ğŸ‘ğŸ‘ğŸ‘ğŸ’ªğŸ’ªğŸ¿ğŸ’ªğŸ’ªğŸ’ªğŸ’ªğŸ’ªğŸ’ª', 'David Warner my best wishes for you', 'RCB ğŸ’¯ğŸ’¯ğŸ†ğŸ†ğŸ†', 'á á¯á¨ á’á¨á°', 'Ikkada rcb fan', 'Rcb fans ikkeda', 'RcbğŸ¥°ğŸ¥°ğŸ¥°ğŸ¥°', 'Rcb IPL 2020 winner', 'Rcb fan ikkada ğŸ”¥ğŸ”¥âœŠâœŠâœŠ', 'Insha Allah MD siraj Will play well ğŸâ¤ï¸', 'Csk csk csk fans ekkada', 'Siraj to be proue in this ipl the best in your life', 'Siraj bhai', 'Ekkada RCB fan', 'SRH']"
Indian premier League || Public Responce on IPL 2020 || IPL at UAE || NH9 Kreeda Prapancham,-DCDpsJzTNk,"['KING KOHLI ğŸ”¥âœŠâœŠâœŠğŸ’¥', 'RCB â¤ï¸ FAN FOREVER â£ï¸â£ï¸â£ï¸', 'JAI RCB â¤ï¸', 'RCB â¤ï¸ FAN FOREVER â£ï¸â£ï¸â£ï¸', 'ğ€ğ©ğ¤ğš ğ§ğ®ğ¦ğ›ğğ« ğ¬ğğ§ğ ğ¤ğšğ«ğ¨ ğ›ğ¡ğšğ¢', 'RCB', 'PJR BOYS MLM HAI NA...HYDERABADI BOLTA', 'Rcb fans ikkeda', 'Rcbâ¤â¤', 'RCB for life', 'Jai RCB', 'Rcb', 'East or west nh9 is the best']"
Indian Premier League 2020 | Public Talk on IPL in UAE || IPL Latest Updates | NH9 Kreeda Prapancham,MW4rYu7u954,"['Klrahul', 'Jai virat Kohli', 'Jai rcb', 'Win or lose we support RCB', 'Esala cup RCB de', 'RCB fans like kottandi\nAnother teams fans comment chayandi', 'RCB will won the match', 'Jai RCB ğŸ”¥ğŸ”¥ boom ğŸ¤ğŸ˜', 'Msd', 'Jai srh', 'Srh to win the final', 'Andaru csk rcb antaru kani cup matram mi egaresuku potundiğŸ¥³ğŸ¥³ğŸ¥³ğŸ˜œğŸ˜œ', 'I love RCB', 'RcBğŸ”¥', 'Mumbai.... hitman...', 'Mahi', 'Ipl gersy baaledu', '50 plus wickets okka season lo evarru thiyale ra', 'I love RCB', 'Csk', 'Csk', 'Csk', 'Csk', 'Rcb', 'Jai Csk', 'Srh ğŸ˜ğŸ’™ ğŸ’™', 'Jai RCB ğŸ”¥ ğŸ”¥', 'Jai rcb', 'Csk   will  won', 'Only Dc', 'I love u deved warner', 'Jai RCB', 'RCB POWER', 'this time win rcb rcb rcb jai rcb and virat & ABd', 'Rcb', 'Csk kingg', 'Okka bro srh fan thanu ma RCB gelavali anna aa annaki tq so much anna love you jai king kohli jai RCB', 'rcb love u', 'Mi', 'Miss you Suresh Raina always number one', 'CSK number one', 'RCB', 'Kidooooossss..Baaaga cricket gurinchi telisina vallu vastey baagundey', 'Bro mi fan thop replies I am also hardik fan', 'RCB Jai ABD', 'Csk fans', 'Jai rcb', 'Rcb', 'RCBğŸ¤™ğŸ¤™ğŸ¤™ğŸ¤™ğŸ¤™ğŸ¤™ğŸ¤™âœŒï¸âœŒï¸âœŒï¸âœŒï¸âœŒï¸âœŒï¸âœŒï¸ğŸ¤™ğŸ¤™ğŸ¤™ğŸ¤™ğŸ¤™ğŸ¤™ğŸ¤™ğŸ¤™ğŸ¤™ğŸ¤™ğŸ¤™ğŸ¤™ğŸ¤™', 'RCBğŸ˜˜ğŸ˜˜', 'RCB â¤ï¸', 'Jai RCBâ¤ğŸ”¥â¤ğŸ”¥', '1:52 super jai RCB ESCNDğŸ˜', 'ğ—”ğ—¹ğ˜„ğ—®ğ˜†ğ˜€ ğ—°ğ˜€ğ—¸ ğŸ”¥ğŸ˜', 'Srh', 'Rcb', 'Jai rcb â¤ï¸â¤ï¸â¤ï¸â¤ï¸â¤ï¸â¤ï¸â¤ï¸â¤ï¸ğŸ˜˜â¤ï¸ğŸ˜˜ğŸ˜˜â¤ï¸â¤ï¸ğŸ˜˜ğŸ˜˜', 'Kinda mida vupuu rcb kohli thopu', 'Only srh', 'Jai rcb', 'Csk final cup', 'Oooy Abhishek ekkada nunchi 0:05 \nFull betting start chestadu abhi', 'Imari cup Manade ani antaru', 'Because they will not win ipl', 'Rcb should eliminate from ipl', 'Jai Dhoni Jai csk', 'CSK bro rcb kadu itla cup kotadam', 'Royal challengers Bangalore fire this time', 'Evaru enta vagina kuda ma rcb Kohli anna team kinde ğŸ’ªğŸ’ªğŸ’ªâœŠâœŠâœŠâœŠjai Kohli  kascondi', 'Csk fans like', 'Iam always rcb fan', 'RCB forever', 'King kohli ğŸ”¥ğŸ”¥ğŸ”¥', 'RCB fans like here', 'Ipl antene CSK âœŠğŸ½', 'Jai rcb', 'ESCMğŸ’ªğŸ’ªğŸ’ªğŸ’ªğŸ’ªğŸ’ª', 'DHONI ğŸ”¥ğŸ”¥ğŸ”¥', 'Jai SRH', 'SRH', 'RCBğŸ¦', 'rcb...â¤â¤â¤', 'Bumrha 50+ wickets ğŸ˜‚ğŸ˜‚apara nayana ğŸ˜ğŸ˜', 'Rcbâ¤ï¸', 'ESCNğŸ”¥ğŸ”¥', 'SRH', 'Conform rcb win this time', 'I mis you Raina', 'Only RCB', 'Malli cup mi dhe', 'Srh', 'Mi hit man fans', 'ThalaaaağŸ˜', 'SRH', 'Jai RCB...', 'RCB FINAL TROPY', 'KL Rahul MY BEST Player', 'MSD One Direction is most dangerous player not A jarji ment', 'RCB KING OF IPLğŸ˜', 'Rcb win this cup definitely', 'RCBâ¤â¤', 'Jai rcb', 'Rcb', 'RCB win avutadi antunte naku navvu aagatle . Intha pedda joke ki naa potta chekkalu avutundi ğŸ˜€ğŸ˜€ğŸ˜€ğŸ˜€ğŸ˜€ğŸ˜€ğŸ˜€ğŸ˜‚ğŸ˜‚ğŸ˜‚ğŸ˜‚ğŸ˜‚ğŸ˜‚ğŸ˜‚ğŸ˜‚ğŸ˜‚ğŸ˜‚ğŸ˜‚ğŸ˜‚ğŸ˜‚ğŸ˜‚ğŸ˜‚', '50 wickets endhi broooooooooo ipl lo that to one player', 'Rcb ğŸ‘ŠğŸ‘ŠğŸ‘ŠğŸ‘Š', 'CSK', 'SRH', 'Csk ğŸ¤ŸğŸ¤ŸğŸ¤Ÿ', 'RCB', 'Bhuvi srh', 'Rcb only', 'Jai srh', 'King kohli Rcb', 'Srh', 'Understand 0%\nEnjoy 100%', 'Final MI vs Rcb\nOrange cap ::Kohli\nPurple cap::bumrah\nWinner guess??', 'SRH', 'Rcb bowling ekkadundhi asalu tough antunaru ğŸ¤”ğŸ¤”', 'Only csk ....is the king of ipl.....', 'King of Ipl MI ğŸ’ªğŸ’ªğŸ’ª', 'GO RCB GO RCB', 'Kkr', 'RCB â¤ï¸ FAN FOREVER â£ï¸â£ï¸', 'Rcb fans ikkeda', 'Reason behind csk wins\nUmpires', 'Mi', 'RCB WON THE IPL TROPHY', 'Csk win super cheparu bro', 'Mi', 'Jai kahul', 'Jai RCB', 'Rcb', 'Rcb', 'Rcb ipl 2020 winners', 'MSD IS KING', 'Chennai super kings ğŸ”¥ğŸ”¥ğŸ”¥ğŸ”¥ğŸ¥³', 'King rcb', 'Antha ledhu ra csk cup dhoniiiii', 'Rcb  king kohli', 'Mi', 'CSK win IPL. Definitely Mr cool is back ipl', 'CSK', '5.5 minute for crying beacause this year our csk team lost back bone of the team', 'Csk winners ipl 2020 trophy', 'Ms Dhoni captain cool', 'Csk', 'CSK csk', 'Csk', 'SRH win bro', 'Jai Chennai super king Wain 2020', 'Csk Wain', 'Caption cool.............Jai dhoni', 'Rcb asalaki cup kottakapoyina sare pranam unanthavaraku ma bold team rcb ne nenu', 'Csk', 'Kohli team rcb', 'Rcb', ""Pichi puku gadu indian team's ni pakistan antunadu ilati lavda interview lu upload cheyakandi ğŸ™"", 'Ipl anteneee 7teams  kottukoni  final lo  csk tho adatanaiki   king off ipl csk', 'Rcb', 'srhâœŒ', 'srhâ¤', 'srhğŸ”¥', 'srh', 'Jai RCB', 'Csk king off ipl', '*EE SALE CUP NAMDE*', 'Srh', 'csk pakka winn', 'E sala cup namde à²—à³à²°à³ Rcb ğŸ†ğŸ‘ğŸ‘ğŸ‘ğŸ‘ğŸ‘ğŸ’¯', ""Can't imagine csk without dhoni."", 'Rcb', 'RCB KING KOHLI', 'Srh', 'Jai csk jai dhoni', 'May be kkr', '40,50+++wickets antrağŸ˜‚ğŸ˜‚ğŸ˜‚ğŸ˜‚ğŸ˜‚', 'Mumbai indians Rohit sharma', 'Ee sala cup namde', 'Dhoni â¤ï¸â¤ï¸', 'Dhoni â¤ï¸â¤ï¸ğŸ‘ŒğŸ‘ŒğŸ‘ŒğŸ‘ŒğŸ˜', 'SRH fans like here', 'RcB', 'RCB', 'King kholi', 'Rcb pakka win', 'Rcb âœŠï¸âœŠï¸âœŠï¸', 'Ms Dhoni', 'Evvadu m cheppina malli final csk mumbai pakka', '14 matches ki  50 wicket s haa', 'RCBğŸ’œ', 'Jai rcb', 'Jai RCB', 'Jai RCB', ""131 comments ğŸ”¥ğŸ”¥57 for RCBğŸ”¥ğŸ”¥ ğŸ¤£ğŸ¤£ 74 other's  RCBğŸ’ªğŸ’ªğŸ’ªğŸ’ªğŸ’ª"", 'Again miğŸ˜ğŸ˜ğŸ˜', 'Rcb â¤ğŸ”¥ğŸ”¥', 'King kohli', ""King kohli fan's like"", 'RCBğŸ”¥ fanz', 'RCB king kohli', 'Csk cup', 'ğŸ’ªğŸ’ªğŸ’ª R C B ğŸ¤™ğŸ¤™ğŸ¤™', 'Ennisarlu odina rcb ne na favorite', '50+++haa wickets', 'andharu csk and mi ke support chesthe mari migitha teams ki endhuku encourage cheyaru RR', 'RCB win', 'RCBğŸ’ª', 'RCB ğŸ”¥ğŸ”¥ğŸ”¥', 'CsKğŸ‘ŒğŸ‘ŒğŸ‘ŒğŸ‘ŒğŸ‘ŒğŸ‘ŒğŸ‘Œ', 'CSK win', 'Csk winter good', 'Jai RCB', 'à²§à³‹à²¨à²¿', 'RcbğŸ’ª', 'Mi', 'Only rcb', 'Mi', 'Mi', 'Rcb ğŸ’¯ğŸ’¯ğŸ’¯ğŸ’¯ğŸ’¯ğŸ’¯ğŸ’¯ğŸ’¯ğŸ’¯ğŸ’¯ğŸ’¯ğŸ’¯ğŸ’¯ğŸ’¯ğŸ’¯ğŸ’¯ğŸ’¯ğŸ’¯', 'King kohili', 'Mumbai Indians win final Rohit Sharma great player', 'Csk', 'Jai mi', 'That is dhoni', 'Virat Kohli Peru chepara musaali pukaa', 'King Kohli ğŸ”¥ ğŸ‘ğŸ‘', 'Dady  super ga cheparu', 'Before IPL\nRCB fans :- we will win defiantly\nDuring IPL\nRCB fans :- ha its jest starting\nAfter IPL\nRCB fans :-........................', 'Csk', 'Andru russul', 'All ways support to SRH,,,. \nOrang army,,,,', 'RCB', 'Ipl no 1 tema only mi 2020 cup mi', 'Dhoni game ni thattukovadam Chala kastam vedio chudandi thelusthundhi #Csk #Dhoni', 'Rcb', 'Jai SRH', 'Mi', '10.19 nuv thopğŸ˜‚ğŸ˜‚ğŸ˜‚ğŸ˜‚', 'Rcb is 2020 ipl winner', 'SRH', 'Jai rcb', 'RCB', 'Orange cap only warner', 'RCB 100 times lose ayina sare.. \n I love RCB.. Die hard fan.. Rcb..', 'King Kohli fans like vesukondi', 'Dhoni antha thopu aythee 4 trophies mumbai ki yenduk vachinay ra zaffa', 'Meruu gudda denguchukuna \nRcb gelvad', 'RCB', 'à°®à±à°‚à°¬à±ˆ à°‡à°‚à°¡à°¿à°¯à°¨à±à°¸à±', 'Rcb', 'Srh srh ğŸ˜ğŸ¤ğŸ¤ğŸ¤ğŸ˜ğŸ¤ğŸ¤ğŸ¤ğŸ˜ğŸ˜ğŸ˜ srh srh ğŸ˜ğŸ˜ğŸ¤ğŸ¤ğŸ˜ğŸ˜ğŸ˜ srh  srh ğŸ˜ğŸ¤ğŸ˜ğŸ˜ğŸ˜ srhğŸ˜ğŸ˜ğŸ¤ğŸ¤ srh ğŸ˜ğŸ¤ğŸ¤ğŸ˜ğŸ˜ srh srh ğŸ˜ğŸ¤ğŸ˜ğŸ˜', 'SRH for only', 'Rcb  virat', 'Srh srh ğŸ˜ğŸ˜ğŸ˜ğŸ˜ğŸ¤ğŸ¤ğŸ¤ğŸ˜  srh ğŸ˜ğŸ˜ğŸ˜ğŸ¤ğŸ¤ srh   srhğŸ˜ğŸ˜ğŸ¤ğŸ¤ğŸ¤ğŸ˜   srh ğŸ˜ğŸ˜ğŸ¤ğŸ¤ srh srh srh srh ğŸ˜ğŸ¤ğŸ¤ğŸ¤ğŸ˜', 'RCB fans only â¤ğŸ˜˜â¤ğŸ˜˜', 'Rcb rcb', 'E SALA CUP NAMDE', 'Csk fans only ğŸ”¥ğŸ”¥ğŸ”¥', 'Rcb', 'SRH', '4minutes.nundi.7minutes.baaga  cheppadu.peddayana', 'Csk', 'RCB', 'Royal challengers Bangalore fire this time', 'RCB', 'RCB', 'Csk', '38 comments lo 30 RCB fans e ğŸ˜ğŸ˜ğŸ˜', 'Kxip KL Rahul', 'RCB', 'RCB cricketers fans', 'RCB âœŠï¸âœŠï¸âœŠï¸âœŠï¸âœŠï¸âœŠï¸ rcb', 'Mi', 'I am mi fan but I love dhoni', 'Csk win', ""RCB fan's like ğŸ”¥"", 'R.C.BğŸ”¥', 'RCBğŸ”¥ğŸ†ğŸ’¯âœ…', 'Rcb', 'Jai RCB', 'Chaala kashtam broo csk meda gelavadam', 'Chaala kashtam broo csk meda gelavadam', 'RCB â¤ï¸ğŸ˜', 'Ankul super b chepparu', 'RCB', 'Okadine antasepu adagadam anduku bokka', 'Bro SRH forever and ever\nfinal teams SRH vs CSK\n winner SRH\nOrange cup - Warner\nPurple cup - bhuvi & rashid', 'Virat', 'RCB ğŸ’œğŸ’œ', 'King\u200b kohli', 'King\u200bof world cricket virat kohlii boss', 'Jai RCB RCB', 'Jai Srh', 'RCB', 'Mumbai Indians', 'Bro ma vadidi cut chasv bro vad a first chapinadu', 'à°…à°‚à°¦à°°à°¿ à°Šà°¹à°¾à°—à°¾à°¨à°¾à°²à± à°¤à°²à°•à±à°°à°¿à°‚à°¦à±à°²à±à°—à°¾ à°šà±‡à°¸à±à°¤à±‚...à°¤à°¨ à°ªà°¨à°¿ à°¤à°¾à°¨à± à°šà±‡à°¸à±à°•à±à°‚à°Ÿà±‚ à°ªà±‹à°¤à±à°‚à°¦à°¿.à°…à°¦à±‡ à°®à±à°‚à°¬à°¯à°¿ à°‡à°‚à°¡à°¿à°¯à°¨à±à°¸à±.', 'RcbğŸ¥°ğŸ¥°ğŸ¥°', 'Sunrisers', 'Rcb', 'Like  comment RCB fans ğŸ‘ğŸ‘ğŸ‘', '1st comment ğŸ‘', 'Rcb IPL 2020 winner', 'â¤ï¸â¤ï¸ğŸ‰ğŸ‰ğŸ˜€']"
IPL 2020 Public Talk || IPL 2020 || IPL Public Reaction || IPL 2020 Expectation || NH9 News,hGfmJEFtLEQ,"['Rcb winğŸ’¯ğŸ’¯ğŸ’¯ğŸ†ğŸ†ğŸ‘‘ğŸ‘‘ğŸ‘‘', 'Jai RÃ‡B', 'RCB WIN BY  CSK  VIRAT ABd', 'Dc fans hit here', 'Rcb', 'Csk win', ""My favourite team is CSK I want rcb Vs csk in finally... To be it's my point of me.so.. finally rcb have to won... The finals. I want.... Csk yrlago final ki vasthadhi.so rcb ravali..finali ki..gelavali...cup..."", 'Waiting for rcb match this team is different from other teams so unlike it.waiting for rcb match.ee sari namakalu unayi I am not fan of Rcb but this time  I  thing to won RCB...', 'Csk Csk Csk Csk Csk Dhoni Dhoni Dhoni Dhoni Dhoni', 'Jai king kohli jai RCB', 'RcbğŸ’•ğŸ’ŸğŸ’ğŸ’ğŸ’Ÿ', 'Csk', 'Iam simhadri\nNenu mi fan', 'RCB is an emotionâ¤ï¸', 'Kkr', 'Rrrrrrrccccccccccbbbbbbbbbbbbbbbb', 'RCB FOREVER', 'RCB â¤ï¸ FAN FOREVER â£ï¸â£ï¸', 'KOHLI FAN IKKADA â¤ï¸â¤ï¸â¤ï¸', 'KING KOHLI ğŸ”¥âœŠâœŠâœŠğŸ‘‘', 'RCB â¤ï¸', 'RCB â¤ï¸', 'Win or lose RCB â¤ï¸ FAN FOREVER â£ï¸â£ï¸â£ï¸â£ï¸', 'DCğŸ†ğŸ‰', 'Csk ğŸ”¥', 'All the best csk', 'RCBğŸ”¥â¤ï¸â¤ï¸', 'Mi Indians Rohit Sharma and harthik best player', 'à°¦à°®à±à°®à±à°‚à°Ÿà±‡ à°†à°ªà°‚à°¡à°¿ à° à°Ÿà±€à°®à± à°…à°¯à°¿à°¨à°¾', 'CSK,,,,ğŸ”¥ğŸ”¥ğŸ”¥ğŸ”¥ğŸ”¥', 'Jai rcb', 'Csk winner 2020', 'RCB Fan', 'Rcb', 'Tq sai anna same to you', 'Srh #csk', 'Orange Army', 'Kindha medha uppu dhoni Anna thoppu ......csk ğŸ’› ğŸ’›ğŸ’›ğŸ’›ğŸ’›ğŸ’›ğŸ’›ğŸ’›ğŸ’›ğŸ’›ğŸ’›ğŸ’›ğŸ’›ğŸ’›ğŸ’›ğŸ’›ğŸ’›ğŸ’›ğŸ’›ğŸ’›ğŸ’›ğŸ’›ğŸ’›ğŸ’›ğŸ’›ğŸ’› dhoni ğŸ’›ğŸ’›ğŸ’›ğŸ’›ğŸ’›ğŸ’›ğŸ’›ğŸ’›ğŸ’›ğŸ’›ğŸ’›ğŸ’›ğŸ’›ğŸ’›ğŸ’›ğŸ’›ğŸ’›ğŸ’›ğŸ’›ğŸ’›ğŸ’›ğŸ’›ğŸ’›ğŸ’›ğŸ’›ğŸ’›ğŸ’›ğŸ’›ğŸ’›ğŸ’›', 'Dc dhawan', 'Csk', 'Mi', 'Rcbbbbb', 'RCB Forever', 'Mi', 'Bleed Mahi love you Dhoni CSK ğŸ’•', 'SRH', '2020 ipl winner ranking top 4 teams 1.csk 2.rcp 3.dp 4.mi', 'RCB', 'Srh', 'Srh fans one like', 'Csk..... ğŸ†', 'SRH.  ğŸ’ªğŸ’ªğŸ’ªğŸ»ğŸ’ªğŸ»', 'SRH forever and ever \nDie Hard Fan of SRH \nJai Orange Army', 'à°°à±‡à°¯à± à°®à±à°‚à°¦à± à°®à°¨ à°Ÿà±€à°‚ à°•à°¿ à°¸à°ªà±‹à°°à±à°Ÿà± SRH â¤ï¸ à°šà±‡à°¯à°‚à°¡à°¿ à°¤à°°à±à°µà°¾à°¤ à°®à±€à°•à± à°‡à°·à±à°Ÿà°®à±ˆà°¨ à°ªà±à°²à±‡à°¯à°°à± à°•à°¿ à°¸à°ªà±‹à°°à±à°Ÿà±ğŸ˜˜ à°šà±‡à°¸à±à°•à±‹à°‚à°¡à°¿ à°®à°¾à°°à°‚à°¡à±à°°à°¾ à°‡à°ªà±à°ªà±à°¡à±ˆà°¨à°¾ ğŸ‘ˆ', 'RCB', 'Online betting ID WhatsApp 9390745574', 'Csk win', 'á•á’á» ğŸ¤ğŸ¤ğŸ¤ á•á’á» á•á’á»ğŸ¤ğŸ¤ á•á’á» á•á’á»ğŸ¤ğŸ¤ğŸ¤ğŸ¤ á•á’á» á•á’á»ğŸ¤ğŸ¤ á•á’á» á•á’á» á•á’á»ğŸ¤ğŸ¤ á•á’á» á•á’á»ğŸ¤ á•á’á» á•á’á»ğŸ¤ğŸ¤ á•á’á» á•á’á» á•á’á»ğŸ¤ á•á’á» á•á’á»ğŸ¤ğŸ¤ á•á’á»', 'Csk', 'Csk', 'RCB', 'Abd', 'Jai rcb', '2.08 mera nam bi javeed hy bhaiğŸ˜ğŸ˜', 'Jitega bhai jeetega Srh jeetega..', 'Jai SRH ğŸ”¥ğŸ’ª', 'Mi', 'SRH â™¥ï¸â™¥ï¸â™¥ï¸â™¥ï¸â™¥ï¸â™¥ï¸â™¥ï¸', 'Rcb IPL 2020 winner', 'Rcb cup', 'RCB forever', 'ThalaÃ aaa', ""Csk fans' only ğŸ”¥ğŸ”¥ğŸ”¥ Jai thala"", 'RCBâ¤ï¸â¤ï¸â¤ï¸â¤ï¸â¤ï¸â¤ï¸â¤ï¸', 'Rcb', 'Rcb', 'Rcb', 'Rcb', 'RCBğŸ–¤â¤ğŸ–¤â¤ğŸ–¤â¤ğŸ–¤â¤ğŸ–¤â¤ğŸ–¤â¤ğŸ–¤â¤ğŸ–¤â¤ğŸ–¤â¤ğŸ–¤RCB.......foreverğŸ˜', 'E Sala cup namdey my fav team RCB first Comment']"
IPL in UAE 2020: Fans Exciting Comments on Chennai Super Kings Vs Mumbai Indians Match | Public Talk,OGytbhnabo0,"['esala cup namde', 'e sari chittu chittu ga hodipoindi csk jai RCB only RCB & Virat &mr 360 ABd', 'Mi naku padadu brother', 'Yellow ArmyğŸ’•ğŸ’•ğŸ’•ğŸ’•', ""Win or lose i'm always msd fan"", 'Always msd thala', '2020 csk is the winner', 'CskğŸ’›ğŸ’›ğŸ’›', 'Mi', 'Antha ledu Chinna csk will win....ğŸ’ªğŸ’ª', 'CSK will win the game CSK thinking differently mahi way to always win CSK die hart fan dhoni', 'Csk win ğŸ’ª. Mumbai ğŸ‘', 'Jai srh', 'I love Rohit', 'Cskvin', 'Jai csk', 'Cskkkkkkkkkkkkkkkkkkkkkkkkkkkkkkkkkkkkkkkkkkkkkkkkkkkkkkkkkkkkkkkkkkkkkkkkkkkkkkkkkkkkkkkkkkkkkkkkkkkkkkkkkkkkkkkkkkkkkkkkkkkkkkkkkkkkkkk', 'CSK', 'For Online betting ID WhatsApp 9390745574', 'CSK will be winners in the first match', 'Vanabba tinedi hyderabad food suppurt matram pakkollaki', 'Csk win 2020 title winner csk ğŸ†ğŸ†ğŸ†ğŸ†ğŸ˜', ""Nenu mi fan's  kani c s k  nee won"", 'ğ“’ğ“¼ğ“´ ğ“»ğ“ª', 'Public talk 90 percent support to csk', 'Mi 100%win', 'CSK ğŸ”¥ğŸ¤™ğŸ¤™ğŸ”¥ MSDğŸ”¥ğŸ¤™ğŸ‘Œ', 'Kinda meeda uppu rohit anna thopu', 'MI will win ğŸ”¥', 'Hitman ğŸ˜', 'Rohit ğŸ”¥', 'Mumbai', 'E videolo mumbaiki 5 votes\nAnd Chennaiki 9 votes vachayi', 'Rcb rcb rcb rcb rcb rcb rcb rcb rcb rcb rcb rcb rcb rcb rcb rcb rcb rcb rcb rcb rcb rcb rcb rcb rcb rcb rcb rcb', 'Ipl anta naa business kabatii avariki money pedutaa vala galustarui', 'Ambani vundavaruku mumbai galustadii broo dentlo no doubt', 'Yellow ğŸ’›ğŸ’›ğŸ’›', 'Okokadiki padudhi...mi gelichaka guys', 'Csk', 'Only csk win', 'Always csk my dream msd', 'Mi csk gurinchi chepandi ante RCB gurinchi cheputhunaru great â¤ï¸', 'CSKğŸ’›VSğŸ’™.. csk like Mi comment', 'CSKğŸ’›ğŸ’›... MaHI MAREGA....', 'Csk win tha  MSD', 'Nv poyi adura ram saley......poi cup galuvu......', 'Anna plese delete ram clip vadiki am teluvadu motham style kosam....malla show chesthadu.....plzz delete ram clip', 'Okkakaru dhoni gurinchi chebuthunte goosebumps vasthunnay', 'Hi', 'Virat kohli', 'Csk will win match paka', 'Kinda mida upu rcb gelichindi cupu', 'Jai csk ...âœŠâœŠ', 'Kings always kings', 'Just say jai rcb ğŸ”¥', 'Srh cup kottadam pakka', 'Bro oka  telugodi vai veere team laku ela support bro', 'First loo vachina  vadu super gaa comedy chestunndu gaa ğŸ˜ğŸ˜ğŸ˜jabardhast  loo pettali vadni ğŸ˜‚ğŸ˜‚ğŸ˜‚', 'Csk', 'Only csk', 'Aree miru antha anna mumbai win miru mi yadhava mokalu musukondri dhoni great but rohit captain outstanding ok noore musukondri ğŸ‘ŠğŸ¤™', 'à°’à°°à±‡ à°¨à°¿à°¦à±à°° à°®à±à°–à°‚ à°¹à°¿à°Ÿà±à°®à±†à°¨à± à°°à±‹à°¹à°¿à°¤à± à°¶à°°à±à°® à°‰à°¨à±à°¨à°¾à°¡à±à°—à°¾ à°§à±‹à°¨à±€ à°²à±‡à°•à°ªà±‹à°¤à±‡à°¨à°¿', 'Csk. ğŸ‘', 'Srh ğŸ¤ğŸ¤ğŸ¤ğŸ¤œğŸ¤œğŸ¤ğŸ¤ğŸ¤srh srhğŸ¤ğŸ¤œğŸ¤œğŸ¤ srh srhğŸ¤œğŸ¤œğŸ¤ srh srhğŸ¤ğŸ¤œğŸ¤ srh srhğŸ¤ğŸ¤œğŸ¤œ srh srhğŸ¤ğŸ¤œğŸ¤ srhğŸ¤ğŸ¤œ srhğŸ¤ğŸ¤œğŸ¤œ srh srh srhğŸ¤ğŸ¤ğŸ¤ğŸ¤ğŸ¤ğŸ¤ srhğŸ¤œğŸ¤œğŸ¤ srh', 'CskğŸ’›ğŸ’ª', 'CSK win pakka', 'I am sunrisers Hyderabad', 'Mundu 12 seasons dhoni veru epudu dhoni veru pakka rep csk ne gelusthadi', 'Jai srh', 'Kinda medha uppu dhoni Anna thoppuâ¤ï¸â¤ï¸â¤ï¸â¤ï¸ csk ğŸ’›ğŸ’›ğŸ’›ğŸ’›ğŸ’›ğŸ’›ğŸ’›ğŸ’›ğŸ’›ğŸ’›ğŸ’›ğŸ’›ğŸ’›ğŸ’›ğŸ’›ğŸ’›ğŸ’›ğŸ’›ğŸ’›ğŸ’›ğŸ’›ğŸ’›ğŸ’›ğŸ’›ğŸ’›ğŸ’›ğŸ’›ğŸ’›ğŸ’›ğŸ’›', 'Antha ledu Chennai will win game \nWe Will see tomorrow guys', 'Miiiiiiiiiiiiiiii Rohit Sharma Winners â¤ï¸â¤ï¸â¤ï¸â¤ï¸â¤ï¸â¤ï¸â¤ï¸â¤ï¸â¤ï¸â¤ï¸â¤ï¸â¤ï¸â¤ï¸â¤ï¸â¤ï¸â¤ï¸â¤ï¸â¤ï¸â¤ï¸â¤ï¸', 'Ray ram ğŸ˜„ğŸ˜„ğŸ˜„ğŸ˜„ğŸ˜„ğŸ˜„ğŸ˜„ğŸ˜„ğŸ˜„', 'Pakka e sari frist macth mumbai Indians win ithundi kondari koja lanjakoduluku mi gurinchi telvadhu', 'Jai rcb', 'Jaii rcb â™¥ï¸', 'Jai sunrisers Hyderabad.  We will win IPL cup', 'Csk will win ğŸ’ª', 'Mumbai is lack of spinners', 'Only mumbai win 100%', 'CSK', 'Hloo bro RCb all ways Kings ğŸ’¯ğŸ’¯', 'Csk dhoni', 'Csk msd', 'RCBâ¤ğŸ–¤RCBâ¤ğŸ–¤RCBâ¤ğŸ–¤RCBâ¤ğŸ–¤RCBâ¤ğŸ–¤RCBâ¤ğŸ–¤RCBâ¤ğŸ–¤RCBâ¤ğŸ–¤RCBâ¤ğŸ–¤RCBâ¤ğŸ–¤RCBâ¤ğŸ–¤RCBâ¤ğŸ–¤RCBâ¤ğŸ–¤RCBâ¤ğŸ–¤RCBâ¤ğŸ–¤RCBâ¤ğŸ–¤RCBâ¤ğŸ–¤RCBâ¤ğŸ–¤RCBâ¤ğŸ–¤RCBâ¤ğŸ–¤RCBâ¤ğŸ–¤RCBâ¤ğŸ–¤RCBâ¤ğŸ–¤RCBâ¤ğŸ–¤RCBâ¤ğŸ–¤.....RCB foreverğŸ’•ğŸ’•ğŸ’•ğŸ’•ğŸ˜', '07:37 rcb thapa aha nice reaction', 'Csk pakka gelus thundee\nJai dhoni', 'Csk will win the match and ipl 2020 champions', 'Srh', 'Pakka csk win dhoni unnadu okkadu chalu', 'Annta kodatharura cup Mumbai hmmm I hope any another team will win i.e Delhi, punjab or bangalore']"
Dhoni is Back || IPL Public Talk || Chennai won its First Match || NH9 News,Xn7uRD_AHvw,"['This is my coach', 'Whistle pode', 'Csk will not qualify this year', 'Kya baat h Kalim bhai kya interview diye ğŸ‘ŒğŸ‘Œ', 'Csk', 'IPL 2020 Champions ğŸ† CSK', 'Chennai 2020 cup confirm']"
IPL 2020 || Sun Risers Hyderabad vs Royal Challengers Bangalore Match Prediction ||Kreeda Prapancham,w7iop7kRsM4,"['JACKPOT MATCH.. COVER YOUR LOSSES... FIX REPORT WITH PROOF\nWHATSAPP-- 7379567608', 'RCB WIN', 'Already rcb gelichindhi', 'Die hard fan of rcb', 'RCB ğŸ”¥ğŸ”¥', 'Rcb', 'COVER YOUR LOSSES... JACKPOT MATCH.. FIX REPORT AVAILABLE..\nWHATSAPP-- 7379567608', 'Jai RCB â¤ï¸ğŸ”¥ğŸ™', 'Ee sala cup namdey ğŸ‘â¤ï¸ğŸ”¥', 'Rcb', 'ğŸ’¯ğŸ’¯IPL T20 ğŸ 2020ğŸŒ¹ à¦•à§à¦°à¦¿à¦•à§‡à¦Ÿ à¦®à§à¦¯à¦¾à¦š à¦«à¦¿à¦•à§à¦¸à¦¿à¦‚ à¦°à¦¿à¦ªà§‹à¦°à§à¦Ÿ à¦¦à¦¿à¦¯à¦¼à§‡ à¦¥à¦¾à¦•à¦¿ğŸ’¯ à¦†à¦ªà¦¨à¦¾à¦°à¦¾ à¦¯à¦¾à¦°à¦¾ à¦²à¦¸à§‡à¦°  à¦®à¦§à§à¦¯à§‡ à¦†à¦›à§‡à¦¨ğŸ’¯ à¦¤à¦¾à¦°à¦¾ à¦«à§‹à¦¨ à¦¦à¦¿à¦¤à§‡ à¦ªà¦¾à¦°à§‡ğŸ’¯01759770277ğŸŒ¹Whatsup\n+8801673344628ğŸ’¯ğŸ’¯ğŸ’¯', 'RCB wine', 'RCB...âœŒ', 'RCB@VK and ABD', 'Srh', 'rcb', 'Srh', 'Always RCB Forever and Ever', 'RCBâ¤ï¸ğŸ’¥ğŸ”¥', 'Srh', 'Rcb', 'Jai srh', 'SRH ğŸ”¥', 'Srh ğŸ¤ğŸ˜ğŸ¤srh srh srhğŸ¤ğŸ˜ğŸ¤ srhğŸ¤ğŸ˜ğŸ˜ srh srh srhğŸ¤ğŸ˜ srh srh srhğŸ¤ğŸ¤ srh srhğŸ¤ğŸ˜ğŸ˜ srh srh srhğŸ¤ğŸ˜ srh srh', 'Always srh srhğŸ¤ğŸ¤ğŸ¤ srhğŸ¤ğŸ˜ğŸ˜ğŸ¤ğŸ¤ğŸ¤ srhğŸ¤ğŸ˜ğŸ˜‚ğŸ¤ srh srhğŸ¤ğŸ˜ğŸ˜ğŸ˜ğŸ˜ srh srhğŸ¤ğŸ˜ğŸ˜ğŸ¤ srh srh srhğŸ¤ğŸ˜ğŸ˜ srh', 'SRH', 'Radika ekkada poindhi', 'Jai RCB', 'Srh', 'RCB â¤ï¸', 'Jai bindhuğŸ˜', 'SRH', 'SRH', 'Williamson madam not William', 'RCB', 'Jai rcb', 'SRH', 'Srh', 'She jai', 'SRH âœŠâœŠ', 'Always SRH', 'RCB', 'SRH Win', 'Jai srh', 'Rcb', 'Rcb', 'Sodhi salu veeluaithe Live erpatu cheyyi', 'Srh', 'Jai RCB pakka win', 'RCB', 'Edhi emaina last ki final poyedhi SRH  vs RCB', 'Jai RCB ğŸ”¥ğŸ”¥ğŸ”¥', 'Jai rcb', 'SRH', 'RCB', 'SRH', 'Rcb', 'Rcb', 'Rcb', 'Rcb', 'Rcb', 'SRH', 'Rcb', 'Rcb', 'Rcb', ""RÃ‡B'''''''''''''''''''â¤ï¸â¤ï¸â¤ï¸â¤ï¸â¤ï¸â¤ï¸â¤ï¸â¤ï¸â¤ï¸â¤ï¸â¤ï¸â¤ï¸â¤ï¸â¤ï¸â¤ï¸â¤ï¸â¤ï¸â¤ï¸â¤ï¸â¤ï¸â¤ï¸â¤ï¸â¤ï¸â¤ï¸â¤ï¸â¤ï¸â¤ï¸â¤ï¸â¤ï¸â¤ï¸â¤ï¸â¤ï¸â¤ï¸â¤ï¸â¤ï¸â¤ï¸â¤ï¸â¤ï¸â¤ï¸â¤ï¸â¤ï¸â¤ï¸â¤ï¸â¤ï¸â¤ï¸â¤ï¸â¤ï¸â¤ï¸â¤ï¸â¤ï¸â¤ï¸â¤ï¸â¤ï¸â¤ï¸â¤ï¸â¤ï¸â¤ï¸â¤ï¸â¤ï¸â¤ï¸â¤ï¸â¤ï¸â¤ï¸â¤ï¸â¤ï¸â¤ï¸â¤ï¸â¤ï¸â¤ï¸â¤ï¸â¤ï¸â¤ï¸â¤ï¸â¤ï¸"", 'Jai SRH', 'Rcb', 'SRH win tha cap', 'Rcb', '100th like', 'Rcb', '#srh', 'Rcb', 'SRH', 'RCB Wins', 'Rcb', 'Love you warner bhai hyd jeethega', 'Evaremanna kappu dengedi virat', 'Rcb', 'Radhika emyndi', 'SRH', 'RCB ğŸ”¥', 'RCB', 'Rcb', 'Rcb', 'RCBğŸ‘ğŸ‘ğŸ‘', 'Rcb', '1st comment']"
Indian Premier League Winner || Best Teams in IPL History || Bating and Bowling | Kreeda Prapancham,DutWEluCEgI,['à°®à±Šà°¦à°Ÿà°¿ à°®à±Šà°—à±à°— à°²à±‹ à°•à°¾à°®à±†à°‚à°Ÿà± à°¨à°¾à°¦à±‡']
IPL 2020 ||RCB vs SRH||â€‰Virat Kohli Plan on Opening Batsmen || Kreedaa Prapancham,LqJ-iBE4IG4,"['i am rcb virat fanğŸ¥°ğŸ¥°', 'Script or own knowledge', 'Rcb', 'Jai rcb', 'Forever for RCB â™¥ï¸â™¥ï¸â™¥ï¸â™¥ï¸', 'RCB', '9 th view']"
IPL 2020 || Public Talk || best wishes for IPL Teams || Chennai Super Kings || Rajasthan Royals,gRbLecLrlm0,"['RCB win todayğŸ’ªğŸ’ª', '34.0000ğŸ’—ğŸ’—ğŸ˜»ğŸ˜ğŸ’›', 'TALWAAR BHAI ..34.00ğŸ˜»ğŸ˜»ğŸ¥°ğŸ¥°ğŸ˜˜ğŸ˜˜ğŸ˜˜ğŸ˜˜ğŸ¥°', 'RCB win the match ğŸ†', 'SRH and CSK', 'Jai RCB Jai jai RCB', 'Steyn Smith ğŸ˜„ğŸ˜„']"
IPL 2020 ||Rajasthan Royals vs Chennai Super Kings || who will win this match? || Kreedaa Prapancham,mVKbcxq8gxI,"['Jai CSK', 'Csk ğŸ†ğŸ‰ğŸ†ğŸ†ğŸ‰ğŸ†ğŸ†ğŸ‰ğŸ† winner']"
IPL 2020 || MS Dhoni Angry Reaction On Umpire Wrong Decision || Dhoni || NH9 || Kreeda Prapancham,ypf02CtCMrE,"['RCB', 'Rcb fans \nLike here']"
IPL 2021 In UAE Again? BCCI Signs With Emirates Cricket Board || NH9 NEWS,3y5sCvgNegg,"['3th  bccl. Ipl good.   UAE', 'à°¡à±‡à°Ÿà± à°à°ªà±à°ªà±à°¡à±']"
"IPL 2020 - KKR vs MI Playing 11,Pitch Report | Kolkata Knight Riders vs Mumbai Indians ||NH9 NEWS",T2fNB_icyvY,[]
IPL 2020 || MS Dhoni Made Captaincy Errors Against Rajasthan Royals ||RR vs CSK || NH9 NEWS,2cC87SZKBk4,[]
IPL 2020 || Sanju Samson Creat New Records In IPL 2020 || RR vs CSK || NH9 NEWS,PO2tWR5yoAo,['Jai sanju']
à°šà±†à°¨à±à°¨à±ˆ à°¬à±Œà°²à°°à±à°²à°•à± à°šà±à°•à±à°•à°²à± à°šà±‚à°ªà°¿à°‚à°šà°¿à°¨ à°œà±‹à°«à±à°°à°¾ à°†à°°à±à°šà°°à±â€Œ || Jofra Archar stunning Innings Highlights,APGeKiK0-50,"['Srh matchlo 1 ball ke 10 runs anukunte 2 balls ki 27 runs', 'First like first commentğŸ˜']"
IPL 2020 || Kings XI Punjab Dream 11 vs Royal Challengers BANGALORE Dream 11 Match Preview || nh9,pPfeGYJVFIc,"['1.padikkal\n2.finchğŸ›©ï¸\n3.kohli\n4.abdğŸ›©ï¸\n5.parthvi\n6.morrisğŸ›©ï¸\n7.dube\n8.udanağŸ›©ï¸\n9.shabaz\n10.saini\n11.chahal', 'Hi Bindu garu how are you', 'à¤…à¤°à¥‡ à¤­à¤¾à¤ˆà¤¯à¥‹ à¤†à¤ˆà¤ªà¥€à¤à¤² à¤²à¤¾à¤ˆà¤µ à¤¦à¥‡à¤–à¥‹ 100% à¤—à¤¾à¤°à¤¨à¥à¤Ÿà¥€à¤¡ https://youtu.be/ni-9zYy8Kqo', 'RCB', 'Winner is RCB', 'Rcb like', 'RCB is winning title', 'ğŸ‘‡How many of u waiting RCB(A) vs RCB(B)ğŸ˜…']"
IPL 2020 || Sheldon Cottrell Salute to Virat Kohli Wicket || KXIP VS RCB || Kreedaa Prapancham,BDLcDMxeL10,"['Ah kohli ki patteledhu. Valla country ki pettadu', 'Madam sir,,,,madam antheğŸ˜˜ğŸ˜˜', 'Get ready Cottrell give reply to kohli', 'Next match will replay', ""Win or lose but iam always RCB fan's ğŸ’ª""]"
IPL 2020 || Worries for RCB as Virat Kohliâ€™s poor form in IPL 2020 continues || Kreedaa Prapancham,vJLj9yn1WDw,"['Kohli kanna devalues king', 'King kohli will comback', 'à°¡à±‹à°‚à°Ÿà± à°µà°°à±à°°à±€ à°µà°¡à±à°¡à±€à°¤à±‹ à°¸à°¹à°¾ à°¤à°¿à°°à°¿à°—à°¿ à°‡à°šà±à°šà±‡à°¸à±à°¤à°¾à°¡à±', 'à°°à±ˆà°¨à°¾ à°•à°¿à°‚à°—à±', 'à°ˆà°¡à± à°•à°¿à°‚à°—à± à°…à°¨à°¿ à°à°µà±à°µà°°à± à°…à°¨à±à°¨à°¾à°°à±', 'Bro csk vs mi match jarigindi kada ..206runs dagara super over vachedi kada betting vesinappudu supper over ke continue cheppukovala ...okea vela super over continue chapaka poty betting money uantunda', 'Bro csk vs mi match jarigindi kada ..206runs dagara super over vachedi kada betting vesinappudu supper over ke continue cheppukovala ...okea vela super over continue chapaka poty betting money uantunda', '5000 runs sadhinchina 2 va aatagadu kaadhu 1 st aatagaadu', 'Ahe kohli adindhi 3 matches e kadha next match 50+koduthadu', 'Pwduko']"
IPL 2020 || Ben Stokes in QUARANTINE || Stokes will play in IPL MATCH || Kreedaa Prapancham,HYMxD1aX-CM,"['Niku telivi unda buttler thistara', 'Abd', 'Jai MI', 'Tom curren place lo Stoks untadu', 'Abd', 'Jai rcb', 'Abd', 'Jai rcb', 'https://youtu.be/wspHIn6XWec\nPlz subscribe']"
IPL 2020 : This Season IPL Breaking All the Viewership Record || IPL 2020 Record,BlyFeWAopVc,[]
Ravichandran Ashwin After Deciding Not To 'Mankad' Aaron Finch || First And Final Warning Of 2020,5faCENcaM2w,['Hi nvv Amma akka']
Most valuable players poor performance in ipl 2020 || IPL 2020 || Dinesh Karthik || Robin Uthappa,VYBkSUWyVQ0,"['Vimarshincham chala easy but valla plce lo vundi adite telustundi', '1st view']"
IPL 2020|| Kings XI Punjab â€“ Strengths and weaknesses || Punjab Bowlers Failure in IPL2020 Matches,ArvV4RWxTaw,"['Let bygones be bygones think about upcoming matches !!', 'Let bygones be bygomes think about upcoming matches !!']"
IPL 2020 | Why KXIP Captain KL Rahul Is Struggling In IPL 2020 | NH9 NEWS,OnmEPTEpQtY,[]
Virender Sehwag Slams Glenn Maxwellâ€™s Poor IPL Performances || Maxwell Batting Performance,NoZ5EiBOKpU,['Ah']
Rishabh Pantâ€™s run out in DCâ€™s match against RR || A bizarre dismissal in IPL 2020 || Rishab Pant,ZhQ8Z0ld9kU,['Now talk about PANTğŸ¤¬ğŸ¤¬']
Comical Runout Nitish Rana || Shubman Gill involve in terrible || KKR vs KXIP,pFwax1rf4h8,[]
MS Dhoni Stylish Look in ipl 2020 || MSD Performance in IPL2020 || Chennai Super Kings Performance,k79W-87juGI,['Super hero']
IPL 2020 || Delhi Capitals script an unwanted IPL record  lose 100 games || kings XI Punjab,yKQPnct4hiE,[]
IPL 2020 Fixed? Fans On Twitter Troll Mumbai Indians As A Controversial Tweet Sparks Fixing Rumours,j78A4Di9FlQ,"['No', 'Yes', 'NO', 'WASTE CENNEL']"
Chris Gayle in Hospital Bed || What happens Chris Gayle || Kings XI Punjab || What about Chris Gayle,m-MiKoy8mrM,"['Ha', 'Shata lee nin amma Nan keya', 'Mala appudu aduthundu gayle plse comment and reply', 'Frist view']"
IPL 2020|| ABdevilliers Extraordinary Performance || RCB won the match || Sharjah || RCB vs KKR,2SeSVgx_3k4,"['Abd', 'Jai rcb', 'Abd', 'Jai rcb', 'Virat abdğŸ’ª', 'Virat... Abd..', 'First view first comment first like']"
Washington Sundar best performance || Extra ordinary Bowling Record || RCB strengh,E1vWlEWdPuE,"['Jai rcb', 'Vk', 'Vk', 'Jai rcb', 'Nice bowler', 'Very good sundar', '0:32\nactivedating-24.online', 'GoodğŸ‘ğŸ‘ğŸ‘ğŸ‘']"
IPL 2020 || Natarajan stunning bowling performance || Ashwin Appreciate to Natarajan || CSK vs SRH,QEqwFG_J__c,"['https://youtu.be/FG7FcE8U7Fc\n\nI am requesting to you all please subscribe this channel like share support please', 'First like,  first view, first comment!!!', 'I am the first viewer', 'Please give shout-out Nh-19', 'First like']"
IPL 2020 || Chris Gayle set to play against Royal Challengers Bangalore || RCB vs KXIP || NH9 NEWS,B_Jcvq5iVyw,[]
IPL 2020 || Watch IPL 2020 Live broadcast || streaming in your country,lcQyLidbd1M,[]
Huge Blow For Delhi Capitals As Shreyas Iyer Injuring His Shoulder | NH9 NEWS,j1Yu1zBF6Qg,[]
Ricky Ponting Says Delhi Capitals Havent Played Best Cricket Yet | Delhi Capitals | NH9 News,9Eu7VX9c-fk,[]
IPL 2020 | IPL 2020 Points Table | IPL 2020 Team Rankings | Kreeda Prapancham,cGeUj3sYVLM,['E sala cup namade']
